{
  "models--meta-llama--Llama-3.2-3B": [
    {
      "duration": 6803.9169409275055,
      "total_output_tokens": 180594,
      "responses": 13357,
      "gpu_avg_power": 223.46691982254052,
      "cpu_avg_power": 171.19714081575714,
      "dram_avg_power": 19.939059510734936,
      "total_avg_power": 639.3880287009064,
      "gpu_energy": 1520450.361517472,
      "cpu_energy": 1164811.1266346816,
      "dram_energy": 135663.70479125113,
      "total_energy": 4350343.040304339,
      "energy_per_token": 24.089078487127694,
      "gpu_energy_per_second": 223.46691982254052,
      "cpu_energy_per_second": 171.1971408157571,
      "dram_energy_per_second": 19.939059510734936,
      "total_energy_per_second": 639.3880287009063,
      "gpu_energy_per_token": 8.41916321426776,
      "cpu_energy_per_token": 6.4498882943767875,
      "dram_energy_per_token": 0.7512082615770798,
      "total_energy_per_token": 24.089078487127694,
      "gpu_energy_per_response": 113.83172580051449,
      "cpu_energy_per_response": 87.20604376990953,
      "dram_energy_per_response": 10.156749628752799,
      "total_energy_per_response": 325.6976147566324,
      "gpu0_power_watts": 111.96343717198344,
      "gpu1_power_watts": 111.50348265055707,
      "psys_power_watts": 0,
      "package-1_power_watts": 96.60768476800861,
      "package-1-dram_power_watts": 11.097499481104391,
      "package-0_power_watts": 74.58945604774853,
      "package-0-dram_power_watts": 8.841560029630543,
      "dram_domains": [
        "package-1-dram",
        "package-0-dram"
      ],
      "cpu_domain_power": {
        "psys": 0,
        "package-1": 96.60768476800861,
        "package-1-dram": 11.097499481104391,
        "package-0": 74.58945604774853,
        "package-0-dram": 8.841560029630543
      },
      "model": "models--meta-llama--Llama-3.2-3B",
      "batch_size": 1,
      "engine": "transformers",
      "gpu_energy_per_second_formatted": "223.47J/s",
      "cpu_energy_per_second_formatted": "171.20J/s",
      "dram_energy_per_second_formatted": "19.94J/s",
      "total_energy_per_second_formatted": "639.39J/s",
      "gpu_energy_per_token_mj": 8419.16321426776,
      "cpu_energy_per_token_mj": 6449.888294376788,
      "dram_energy_per_token_mj": 751.2082615770797,
      "total_energy_per_token_mj": 24089.078487127692,
      "gpu_power_formatted": "223.47W",
      "cpu_power_formatted": "171.20W",
      "dram_power_formatted": "19.94W",
      "total_power_formatted": "639.39W",
      "gpu_energy_formatted": "1520450.36J",
      "cpu_energy_formatted": "1164811.13J",
      "dram_energy_formatted": "135663.70J",
      "total_energy_formatted": "4350343.04J",
      "gpu_energy_per_response_formatted": "113.832J/response",
      "cpu_energy_per_response_formatted": "87.206J/response",
      "dram_energy_per_response_formatted": "10.157J/response",
      "total_energy_per_response_formatted": "325.698J/response",
      "formatted_output": "\nPower and Energy Metrics:\n==================================================\n\nBasic Information:\n  Runtime: 6803.92s\n  Generated tokens: 180594\n  Number of responses: 13357\n\nAverage Power:\n  GPU Power: 223.47W\n  CPU Power: 171.20W\n  DRAM Power: 19.94W\n  Total Power: 639.39W\n\nTotal Energy Consumption:\n  GPU Energy: 1520450.36J\n  CPU Energy: 1164811.13J\n  DRAM Energy: 135663.70J\n  Total Energy: 4350343.04J\n\nEnergy per Second:\n  GPU Energy/s: 223.47J/s\n  CPU Energy/s: 171.20J/s\n  DRAM Energy/s: 19.94J/s\n  Total Energy/s: 639.39J/s\n\nEnergy per Token:\n  GPU Energy/token: 8419.163mJ/token\n  CPU Energy/token: 6449.888mJ/token\n  DRAM Energy/token: 751.208mJ/token\n  Total Energy/token: 24089.078mJ/token\n\nEnergy per Response:\n  GPU Energy/response: 113.832J/response\n  CPU Energy/response: 87.206J/response\n  DRAM Energy/response: 10.157J/response\n  Total Energy/response: 325.698J/response\n=================================================="
    },
    {
      "duration": 3773.614513397217,
      "total_output_tokens": 179515,
      "responses": 7394,
      "gpu_avg_power": 229.32289816105202,
      "cpu_avg_power": 171.2497742182835,
      "dram_avg_power": 19.564340118705324,
      "total_avg_power": 647.0404899625723,
      "gpu_energy": 865376.2167548578,
      "cpu_energy": 646230.6334061112,
      "dram_energy": 73828.27781698584,
      "total_energy": 2441681.3836784093,
      "energy_per_token": 13.60154518384764,
      "gpu_energy_per_second": 229.32289816105202,
      "cpu_energy_per_second": 171.2497742182835,
      "dram_energy_per_second": 19.564340118705324,
      "total_energy_per_second": 647.0404899625723,
      "gpu_energy_per_token": 4.82063458070277,
      "cpu_energy_per_token": 3.5998698348667864,
      "dram_energy_per_token": 0.41126523029822487,
      "total_energy_per_token": 13.60154518384764,
      "gpu_energy_per_response": 117.03762736744088,
      "cpu_energy_per_response": 87.39932829403722,
      "dram_energy_per_response": 9.98489015647631,
      "total_energy_per_response": 330.2246934918054,
      "gpu0_power_watts": 114.68667442809014,
      "gpu1_power_watts": 114.63622373296188,
      "psys_power_watts": 0,
      "package-1_power_watts": 96.54060582894076,
      "package-1-dram_power_watts": 10.712689230045418,
      "package-0_power_watts": 74.70916838934274,
      "package-0-dram_power_watts": 8.851650888659906,
      "dram_domains": [
        "package-1-dram",
        "package-0-dram"
      ],
      "cpu_domain_power": {
        "psys": 0,
        "package-1": 96.54060582894076,
        "package-1-dram": 10.712689230045418,
        "package-0": 74.70916838934274,
        "package-0-dram": 8.851650888659906
      },
      "model": "models--meta-llama--Llama-3.2-3B",
      "batch_size": 2,
      "engine": "transformers",
      "gpu_energy_per_second_formatted": "229.32J/s",
      "cpu_energy_per_second_formatted": "171.25J/s",
      "dram_energy_per_second_formatted": "19.56J/s",
      "total_energy_per_second_formatted": "647.04J/s",
      "gpu_energy_per_token_mj": 4820.63458070277,
      "cpu_energy_per_token_mj": 3599.8698348667863,
      "dram_energy_per_token_mj": 411.2652302982249,
      "total_energy_per_token_mj": 13601.54518384764,
      "gpu_power_formatted": "229.32W",
      "cpu_power_formatted": "171.25W",
      "dram_power_formatted": "19.56W",
      "total_power_formatted": "647.04W",
      "gpu_energy_formatted": "865376.22J",
      "cpu_energy_formatted": "646230.63J",
      "dram_energy_formatted": "73828.28J",
      "total_energy_formatted": "2441681.38J",
      "gpu_energy_per_response_formatted": "117.038J/response",
      "cpu_energy_per_response_formatted": "87.399J/response",
      "dram_energy_per_response_formatted": "9.985J/response",
      "total_energy_per_response_formatted": "330.225J/response",
      "formatted_output": "\nPower and Energy Metrics:\n==================================================\n\nBasic Information:\n  Runtime: 3773.61s\n  Generated tokens: 179515\n  Number of responses: 7394\n\nAverage Power:\n  GPU Power: 229.32W\n  CPU Power: 171.25W\n  DRAM Power: 19.56W\n  Total Power: 647.04W\n\nTotal Energy Consumption:\n  GPU Energy: 865376.22J\n  CPU Energy: 646230.63J\n  DRAM Energy: 73828.28J\n  Total Energy: 2441681.38J\n\nEnergy per Second:\n  GPU Energy/s: 229.32J/s\n  CPU Energy/s: 171.25J/s\n  DRAM Energy/s: 19.56J/s\n  Total Energy/s: 647.04J/s\n\nEnergy per Token:\n  GPU Energy/token: 4820.635mJ/token\n  CPU Energy/token: 3599.870mJ/token\n  DRAM Energy/token: 411.265mJ/token\n  Total Energy/token: 13601.545mJ/token\n\nEnergy per Response:\n  GPU Energy/response: 117.038J/response\n  CPU Energy/response: 87.399J/response\n  DRAM Energy/response: 9.985J/response\n  Total Energy/response: 330.225J/response\n=================================================="
    },
    {
      "duration": 1934.2214057445526,
      "total_output_tokens": 178370,
      "responses": 3796,
      "gpu_avg_power": 232.08645322452185,