{
  "models--meta-llama--Llama-3.2-3B": [
    {
      "duration": 858.3325183391571,
      "total_output_tokens": 42379,
      "responses": 1684,
      "gpu_avg_power": 274.40645910642723,
      "cpu_avg_power": 170.99105562205725,
      "dram_avg_power": 19.76188545248975,
      "total_avg_power": 689.1952309985097,
      "gpu_energy": 235531.98709335062,
      "cpu_energy": 146767.1833855513,
      "dram_energy": 16962.26890756548,
      "total_energy": 591558.678250288,
      "energy_per_token": 13.95876916044003,
      "gpu_energy_per_second": 274.40645910642723,
      "cpu_energy_per_second": 170.99105562205727,
      "dram_energy_per_second": 19.76188545248975,
      "total_energy_per_second": 689.1952309985098,
      "gpu_energy_per_token": 5.557752355962873,
      "cpu_energy_per_token": 3.4632054410333253,
      "dram_energy_per_token": 0.40025174986586476,
      "total_energy_per_token": 13.95876916044003,
      "gpu_energy_per_response": 139.8646004117284,
      "cpu_energy_per_response": 87.15390937384281,
      "dram_energy_per_response": 10.07260623964696,
      "total_energy_per_response": 351.2818754455392,
      "gpu0_power_watts": 136.7545527682946,
      "gpu1_power_watts": 137.65190633813265,
      "psys_power_watts": 0,
      "package-1_power_watts": 92.56448388676212,
      "package-1-dram_power_watts": 10.813983053448178,
      "package-0_power_watts": 78.42657173529513,
      "package-0-dram_power_watts": 8.94790239904157,
      "dram_domains": [
        "package-1-dram",
        "package-0-dram"
      ],
      "cpu_domain_power": {
        "psys": 0,
        "package-1": 92.56448388676212,
        "package-1-dram": 10.813983053448178,
        "package-0": 78.42657173529513,
        "package-0-dram": 8.94790239904157
      },
      "model": "models--meta-llama--Llama-3.2-3B",
      "batch_size": 1,
      "engine": "deepspeed",
      "gpu_energy_per_second_formatted": "274.41J/s",
      "cpu_energy_per_second_formatted": "170.99J/s",
      "dram_energy_per_second_formatted": "19.76J/s",
      "total_energy_per_second_formatted": "689.20J/s",
      "gpu_energy_per_token_mj": 5557.7523559628735,
      "cpu_energy_per_token_mj": 3463.2054410333253,
      "dram_energy_per_token_mj": 400.2517498658648,
      "total_energy_per_token_mj": 13958.76916044003,
      "gpu_power_formatted": "274.41W",
      "cpu_power_formatted": "170.99W",
      "dram_power_formatted": "19.76W",
      "total_power_formatted": "689.20W",
      "gpu_energy_formatted": "235531.99J",
      "cpu_energy_formatted": "146767.18J",
      "dram_energy_formatted": "16962.27J",
      "total_energy_formatted": "591558.68J",
      "gpu_energy_per_response_formatted": "139.865J/response",
      "cpu_energy_per_response_formatted": "87.154J/response",
      "dram_energy_per_response_formatted": "10.073J/response",
      "total_energy_per_response_formatted": "351.282J/response",
      "formatted_output": "\nPower and Energy Metrics:\n==================================================\n\nBasic Information:\n  Runtime: 858.33s\n  Generated tokens: 42379\n  Number of responses: 1684\n\nAverage Power:\n  GPU Power: 274.41W\n  CPU Power: 170.99W\n  DRAM Power: 19.76W\n  Total Power: 689.20W\n\nTotal Energy Consumption:\n  GPU Energy: 235531.99J\n  CPU Energy: 146767.18J\n  DRAM Energy: 16962.27J\n  Total Energy: 591558.68J\n\nEnergy per Second:\n  GPU Energy/s: 274.41J/s\n  CPU Energy/s: 170.99J/s\n  DRAM Energy/s: 19.76J/s\n  Total Energy/s: 689.20J/s\n\nEnergy per Token:\n  GPU Energy/token: 5557.752mJ/token\n  CPU Energy/token: 3463.205mJ/token\n  DRAM Energy/token: 400.252mJ/token\n  Total Energy/token: 13958.769mJ/token\n\nEnergy per Response:\n  GPU Energy/response: 139.865J/response\n  CPU Energy/response: 87.154J/response\n  DRAM Energy/response: 10.073J/response\n  Total Energy/response: 351.282J/response\n=================================================="
    },
    {
      "duration": 529.7312421798706,
      "total_output_tokens": 48766,
      "responses": 1042,
      "gpu_avg_power": 272.5313054222653,
      "cpu_avg_power": 170.97580562740336,
      "dram_avg_power": 19.671658757131524,
      "total_avg_power": 687.9132530120482,
      "gpu_energy": 144368.3469542383,
      "cpu_energy": 90571.2258977085,
      "dram_energy": 10420.692229153812,
      "total_energy": 364409.1420300679,
      "energy_per_token": 7.4726067758288135,
      "gpu_energy_per_second": 272.5313054222653,
      "cpu_energy_per_second": 170.97580562740336,
      "dram_energy_per_second": 19.671658757131524,
      "total_energy_per_second": 687.9132530120482,
      "gpu_energy_per_token": 2.960430360378918,
      "cpu_energy_per_token": 1.857261737639103,
      "dram_energy_per_token": 0.2136876559314648,
      "total_energy_per_token": 7.4726067758288135,
      "gpu_energy_per_response": 138.54927730733044,
      "cpu_energy_per_response": 86.92056228186996,
      "dram_energy_per_response": 10.000664327402891,
      "total_energy_per_response": 349.7208656718502,
      "gpu0_power_watts": 135.83151727447236,
      "gpu1_power_watts": 136.6997881477929,
      "psys_power_watts": 0,
      "package-1_power_watts": 92.540845652621,
      "package-1-dram_power_watts": 10.763213796706307,
      "package-0_power_watts": 78.43495997478234,
      "package-0-dram_power_watts": 8.908444960425218,
      "dram_domains": [
        "package-1-dram",
        "package-0-dram"
      ],
      "cpu_domain_power": {
        "psys": 0,
        "package-1": 92.540845652621,
        "package-1-dram": 10.763213796706307,
        "package-0": 78.43495997478234,
        "package-0-dram": 8.908444960425218
      },
      "model": "models--meta-llama--Llama-3.2-3B",
      "batch_size": 2,
      "engine": "deepspeed",
      "gpu_energy_per_second_formatted": "272.53J/s",
      "cpu_energy_per_second_formatted": "170.98J/s",
      "dram_energy_per_second_formatted": "19.67J/s",
      "total_energy_per_second_formatted": "687.91J/s",
      "gpu_energy_per_token_mj": 2960.430360378918,
      "cpu_energy_per_token_mj": 1857.2617376391029,
      "dram_energy_per_token_mj": 213.6876559314648,
      "total_energy_per_token_mj": 7472.606775828814,
      "gpu_power_formatted": "272.53W",
      "cpu_power_formatted": "170.98W",
      "dram_power_formatted": "19.67W",
      "total_power_formatted": "687.91W",
      "gpu_energy_formatted": "144368.35J",
      "cpu_energy_formatted": "90571.23J",
      "dram_energy_formatted": "10420.69J",
      "total_energy_formatted": "364409.14J",
      "gpu_energy_per_response_formatted": "138.549J/response",
      "cpu_energy_per_response_formatted": "86.921J/response",
      "dram_energy_per_response_formatted": "10.001J/response",
      "total_energy_per_response_formatted": "349.721J/response",
      "formatted_output": "\nPower and Energy Metrics:\n==================================================\n\nBasic Information:\n  Runtime: 529.73s\n  Generated tokens: 48766\n  Number of responses: 1042\n\nAverage Power:\n  GPU Power: 272.53W\n  CPU Power: 170.98W\n  DRAM Power: 19.67W\n  Total Power: 687.91W\n\nTotal Energy Consumption:\n  GPU Energy: 144368.35J\n  CPU Energy: 90571.23J\n  DRAM Energy: 10420.69J\n  Total Energy: 364409.14J\n\nEnergy per Second:\n  GPU Energy/s: 272.53J/s\n  CPU Energy/s: 170.98J/s\n  DRAM Energy/s: 19.67J/s\n  Total Energy/s: 687.91J/s\n\nEnergy per Token:\n  GPU Energy/token: 2960.430mJ/token\n  CPU Energy/token: 1857.262mJ/token\n  DRAM Energy/token: 213.688mJ/token\n  Total Energy/token: 7472.607mJ/token\n\nEnergy per Response:\n  GPU Energy/response: 138.549J/response\n  CPU Energy/response: 86.921J/response\n  DRAM Energy/response: 10.001J/response\n  Total Energy/response: 349.721J/response\n=================================================="
    },
    {
      "duration": 279.3525788784027,
      "total_output_tokens": 51200,
      "responses": 553,
      "gpu_avg_power": 276.1992073170733,
      "cpu_avg_power": 170.90230859215933,