{
  "models--meta-llama--Llama-3.2-1B": [
    {
      "duration": 468.0243446826935,
      "total_output_tokens": 40395,
      "responses": 923,
      "gpu_avg_power": 258.09954953979394,
      "cpu_avg_power": 170.79697417920437,
      "dram_avg_power": 19.62335837528513,
      "total_avg_power": 670.875,
      "gpu_energy": 120796.87253626045,
      "cpu_energy": 79937.14191400904,
      "dram_energy": 9184.209444066468,
      "total_energy": 313985.832239002,
      "energy_per_token": 7.772888531724273,
      "gpu_energy_per_second": 258.09954953979394,
      "cpu_energy_per_second": 170.79697417920437,
      "dram_energy_per_second": 19.62335837528513,
      "total_energy_per_second": 670.875,
      "gpu_energy_per_token": 2.990391695414295,
      "cpu_energy_per_token": 1.9788870383465538,
      "dram_energy_per_token": 0.2273600555530751,
      "total_energy_per_token": 7.772888531724273,
      "gpu_energy_per_response": 130.8741847630124,
      "cpu_energy_per_response": 86.60578755580612,
      "dram_energy_per_response": 9.950389430191189,
      "total_energy_per_response": 340.17966656446583,
      "gpu0_power_watts": 128.73523064428764,
      "gpu1_power_watts": 129.3643188955063,
      "psys_power_watts": 0,
      "package-1_power_watts": 96.24123974761763,
      "package-1-dram_power_watts": 10.711103621453884,
      "package-0_power_watts": 74.55573443158673,
      "package-0-dram_power_watts": 8.912254753831245,
      "dram_domains": [
        "package-1-dram",
        "package-0-dram"
      ],
      "cpu_domain_power": {
        "psys": 0,
        "package-1": 96.24123974761763,
        "package-1-dram": 10.711103621453884,
        "package-0": 74.55573443158673,
        "package-0-dram": 8.912254753831245
      },
      "model": "models--meta-llama--Llama-3.2-1B",
      "batch_size": 1,
      "engine": "deepspeed",
      "gpu_energy_per_second_formatted": "258.10J/s",
      "cpu_energy_per_second_formatted": "170.80J/s",
      "dram_energy_per_second_formatted": "19.62J/s",
      "total_energy_per_second_formatted": "670.88J/s",
      "gpu_energy_per_token_mj": 2990.3916954142946,
      "cpu_energy_per_token_mj": 1978.8870383465537,
      "dram_energy_per_token_mj": 227.36005555307509,
      "total_energy_per_token_mj": 7772.888531724273,
      "gpu_power_formatted": "258.10W",
      "cpu_power_formatted": "170.80W",
      "dram_power_formatted": "19.62W",
      "total_power_formatted": "670.88W",
      "gpu_energy_formatted": "120796.87J",
      "cpu_energy_formatted": "79937.14J",
      "dram_energy_formatted": "9184.21J",
      "total_energy_formatted": "313985.83J",
      "gpu_energy_per_response_formatted": "130.874J/response",
      "cpu_energy_per_response_formatted": "86.606J/response",
      "dram_energy_per_response_formatted": "9.950J/response",
      "total_energy_per_response_formatted": "340.180J/response",
      "formatted_output": "\nPower and Energy Metrics:\n==================================================\n\nBasic Information:\n  Runtime: 468.02s\n  Generated tokens: 40395\n  Number of responses: 923\n\nAverage Power:\n  GPU Power: 258.10W\n  CPU Power: 170.80W\n  DRAM Power: 19.62W\n  Total Power: 670.88W\n\nTotal Energy Consumption:\n  GPU Energy: 120796.87J\n  CPU Energy: 79937.14J\n  DRAM Energy: 9184.21J\n  Total Energy: 313985.83J\n\nEnergy per Second:\n  GPU Energy/s: 258.10J/s\n  CPU Energy/s: 170.80J/s\n  DRAM Energy/s: 19.62J/s\n  Total Energy/s: 670.88J/s\n\nEnergy per Token:\n  GPU Energy/token: 2990.392mJ/token\n  CPU Energy/token: 1978.887mJ/token\n  DRAM Energy/token: 227.360mJ/token\n  Total Energy/token: 7772.889mJ/token\n\nEnergy per Response:\n  GPU Energy/response: 130.874J/response\n  CPU Energy/response: 86.606J/response\n  DRAM Energy/response: 9.950J/response\n  Total Energy/response: 340.180J/response\n=================================================="
    },
    {
      "duration": 307.27972745895386,
      "total_output_tokens": 48386,
      "responses": 607,
      "gpu_avg_power": 255.94282268041286,
      "cpu_avg_power": 170.9304239766323,
      "dram_avg_power": 19.63988326621327,
      "total_avg_power": 670.1924686192468,
      "gpu_energy": 78646.04079831262,
      "cpu_energy": 52523.45409398301,
      "dram_energy": 6034.937977367683,
      "total_energy": 205936.55910236566,
      "energy_per_token": 4.256118693472609,
      "gpu_energy_per_second": 255.94282268041286,
      "cpu_energy_per_second": 170.9304239766323,
      "dram_energy_per_second": 19.63988326621327,
      "total_energy_per_second": 670.1924686192468,
      "gpu_energy_per_token": 1.625388351967772,
      "cpu_energy_per_token": 1.0855093228202994,
      "dram_energy_per_token": 0.12472487862951438,
      "total_energy_per_token": 4.256118693472609,
      "gpu_energy_per_response": 129.56514134812622,
      "cpu_energy_per_response": 86.52957840853874,
      "dram_energy_per_response": 9.94223719500442,
      "total_energy_per_response": 339.2694548638643,
      "gpu0_power_watts": 128.04166845360865,
      "gpu1_power_watts": 127.9011542268042,
      "psys_power_watts": 0,
      "package-1_power_watts": 96.33977057008622,
      "package-1-dram_power_watts": 10.775161180922895,
      "package-0_power_watts": 74.5906534065461,
      "package-0-dram_power_watts": 8.864722085290376,
      "dram_domains": [
        "package-1-dram",
        "package-0-dram"
      ],
      "cpu_domain_power": {
        "psys": 0,
        "package-1": 96.33977057008622,
        "package-1-dram": 10.775161180922895,
        "package-0": 74.5906534065461,
        "package-0-dram": 8.864722085290376
      },
      "model": "models--meta-llama--Llama-3.2-1B",
      "batch_size": 2,
      "engine": "deepspeed",
      "gpu_energy_per_second_formatted": "255.94J/s",
      "cpu_energy_per_second_formatted": "170.93J/s",
      "dram_energy_per_second_formatted": "19.64J/s",
      "total_energy_per_second_formatted": "670.19J/s",
      "gpu_energy_per_token_mj": 1625.388351967772,
      "cpu_energy_per_token_mj": 1085.5093228202995,
      "dram_energy_per_token_mj": 124.72487862951438,
      "total_energy_per_token_mj": 4256.118693472609,
      "gpu_power_formatted": "255.94W",
      "cpu_power_formatted": "170.93W",
      "dram_power_formatted": "19.64W",
      "total_power_formatted": "670.19W",
      "gpu_energy_formatted": "78646.04J",
      "cpu_energy_formatted": "52523.45J",
      "dram_energy_formatted": "6034.94J",
      "total_energy_formatted": "205936.56J",
      "gpu_energy_per_response_formatted": "129.565J/response",
      "cpu_energy_per_response_formatted": "86.530J/response",
      "dram_energy_per_response_formatted": "9.942J/response",
      "total_energy_per_response_formatted": "339.269J/response",
      "formatted_output": "\nPower and Energy Metrics:\n==================================================\n\nBasic Information:\n  Runtime: 307.28s\n  Generated tokens: 48386\n  Number of responses: 607\n\nAverage Power:\n  GPU Power: 255.94W\n  CPU Power: 170.93W\n  DRAM Power: 19.64W\n  Total Power: 670.19W\n\nTotal Energy Consumption:\n  GPU Energy: 78646.04J\n  CPU Energy: 52523.45J\n  DRAM Energy: 6034.94J\n  Total Energy: 205936.56J\n\nEnergy per Second:\n  GPU Energy/s: 255.94J/s\n  CPU Energy/s: 170.93J/s\n  DRAM Energy/s: 19.64J/s\n  Total Energy/s: 670.19J/s\n\nEnergy per Token:\n  GPU Energy/token: 1625.388mJ/token\n  CPU Energy/token: 1085.509mJ/token\n  DRAM Energy/token: 124.725mJ/token\n  Total Energy/token: 4256.119mJ/token\n\nEnergy per Response:\n  GPU Energy/response: 129.565J/response\n  CPU Energy/response: 86.530J/response\n  DRAM Energy/response: 9.942J/response\n  Total Energy/response: 339.269J/response\n=================================================="
    },
    {
      "duration": 163.1108694076538,
      "total_output_tokens": 50784,
      "responses": 326,
      "gpu_avg_power": 258.38850843558293,
      "cpu_avg_power": 170.96014328582942,
      "dram_avg_power": 19.67742907067936,