{
  "models--meta-llama--Llama-3.2-1B": [
    {
      "duration": 390.43531799316406,
      "total_output_tokens": 169373,
      "responses": 777,
      "gpu_avg_power": 412.7856638408867,
      "cpu_avg_power": 182.1828597241796,
      "dram_avg_power": 19.816786579287392,
      "total_avg_power": 843.8214285714286,
      "gpu_energy": 161166.1019247359,
      "cpu_energy": 71130.62276931407,
      "dram_energy": 7737.173369686739,
      "total_energy": 329457.6877937317,
      "energy_per_token": 1.9451606087967486,
      "gpu_energy_per_second": 412.7856638408867,
      "cpu_energy_per_second": 182.18285972417962,
      "dram_energy_per_second": 19.816786579287392,
      "total_energy_per_second": 843.8214285714286,
      "gpu_energy_per_token": 0.9515454170660962,
      "cpu_energy_per_token": 0.4199643554126931,
      "dram_energy_per_token": 0.04568126779171851,
      "total_energy_per_token": 1.9451606087967486,
      "gpu_energy_per_response": 207.4209805981157,
      "cpu_energy_per_response": 91.54520304931026,
      "dram_energy_per_response": 9.957752084538917,
      "total_energy_per_response": 424.0124682030009,
      "gpu0_power_watts": 207.40333811542217,
      "gpu1_power_watts": 205.3823257254645,
      "psys_power_watts": 0,
      "package-1_power_watts": 103.15463205185168,
      "package-1-dram_power_watts": 10.870673055741392,
      "package-0_power_watts": 79.0282276723279,
      "package-0-dram_power_watts": 8.946113523546,
      "dram_domains": [
        "package-1-dram",
        "package-0-dram"
      ],
      "cpu_domain_power": {
        "psys": 0,
        "package-1": 103.15463205185168,
        "package-1-dram": 10.870673055741392,
        "package-0": 79.0282276723279,
        "package-0-dram": 8.946113523546
      },
      "model": "models--meta-llama--Llama-3.2-1B",
      "batch_size": 1,
      "engine": "vllm",
      "gpu_energy_per_second_formatted": "412.79J/s",
      "cpu_energy_per_second_formatted": "182.18J/s",
      "dram_energy_per_second_formatted": "19.82J/s",
      "total_energy_per_second_formatted": "843.82J/s",
      "gpu_energy_per_token_mj": 951.5454170660962,
      "cpu_energy_per_token_mj": 419.9643554126931,
      "dram_energy_per_token_mj": 45.68126779171851,
      "total_energy_per_token_mj": 1945.1606087967486,
      "gpu_power_formatted": "412.79W",
      "cpu_power_formatted": "182.18W",
      "dram_power_formatted": "19.82W",
      "total_power_formatted": "843.82W",
      "gpu_energy_formatted": "161166.10J",
      "cpu_energy_formatted": "71130.62J",
      "dram_energy_formatted": "7737.17J",
      "total_energy_formatted": "329457.69J",
      "gpu_energy_per_response_formatted": "207.421J/response",
      "cpu_energy_per_response_formatted": "91.545J/response",
      "dram_energy_per_response_formatted": "9.958J/response",
      "total_energy_per_response_formatted": "424.012J/response",
      "formatted_output": "\nPower and Energy Metrics:\n==================================================\n\nBasic Information:\n  Runtime: 390.44s\n  Generated tokens: 169373\n  Number of responses: 777\n\nAverage Power:\n  GPU Power: 412.79W\n  CPU Power: 182.18W\n  DRAM Power: 19.82W\n  Total Power: 843.82W\n\nTotal Energy Consumption:\n  GPU Energy: 161166.10J\n  CPU Energy: 71130.62J\n  DRAM Energy: 7737.17J\n  Total Energy: 329457.69J\n\nEnergy per Second:\n  GPU Energy/s: 412.79J/s\n  CPU Energy/s: 182.18J/s\n  DRAM Energy/s: 19.82J/s\n  Total Energy/s: 843.82J/s\n\nEnergy per Token:\n  GPU Energy/token: 951.545mJ/token\n  CPU Energy/token: 419.964mJ/token\n  DRAM Energy/token: 45.681mJ/token\n  Total Energy/token: 1945.161mJ/token\n\nEnergy per Response:\n  GPU Energy/response: 207.421J/response\n  CPU Energy/response: 91.545J/response\n  DRAM Energy/response: 9.958J/response\n  Total Energy/response: 424.012J/response\n=================================================="
    },
    {
      "duration": 238.93998193740845,
      "total_output_tokens": 170875,
      "responses": 475,
      "gpu_avg_power": 412.4356598930475,
      "cpu_avg_power": 183.8804394430465,
      "dram_avg_power": 20.00390577215375,
      "total_avg_power": 845.6256684491979,
      "gpu_energy": 98547.3691251879,
      "cpu_energy": 43936.38887916426,
      "dram_energy": 4779.732883876038,
      "total_energy": 202053.78194506027,
      "energy_per_token": 1.1824654393273462,
      "gpu_energy_per_second": 412.4356598930475,
      "cpu_energy_per_second": 183.8804394430465,
      "dram_energy_per_second": 20.00390577215375,
      "total_energy_per_second": 845.6256684491979,
      "gpu_energy_per_token": 0.5767219846389928,
      "cpu_energy_per_token": 0.25712590419408493,
      "dram_energy_per_token": 0.027972101734461085,
      "total_energy_per_token": 1.1824654393273462,
      "gpu_energy_per_response": 207.46814552671137,
      "cpu_energy_per_response": 92.49766079824055,
      "dram_energy_per_response": 10.062595545002184,
      "total_energy_per_response": 425.37638304223213,
      "gpu0_power_watts": 207.10129037433123,
      "gpu1_power_watts": 205.3343695187163,
      "psys_power_watts": 0,
      "package-1_power_watts": 104.89446440260758,
      "package-1-dram_power_watts": 11.047030591885237,
      "package-0_power_watts": 78.98597504043892,
      "package-0-dram_power_watts": 8.956875180268511,
      "dram_domains": [
        "package-1-dram",
        "package-0-dram"
      ],
      "cpu_domain_power": {
        "psys": 0,
        "package-1": 104.89446440260758,
        "package-1-dram": 11.047030591885237,
        "package-0": 78.98597504043892,
        "package-0-dram": 8.956875180268511
      },
      "model": "models--meta-llama--Llama-3.2-1B",
      "batch_size": 2,
      "engine": "vllm",
      "gpu_energy_per_second_formatted": "412.44J/s",
      "cpu_energy_per_second_formatted": "183.88J/s",
      "dram_energy_per_second_formatted": "20.00J/s",
      "total_energy_per_second_formatted": "845.63J/s",
      "gpu_energy_per_token_mj": 576.7219846389928,
      "cpu_energy_per_token_mj": 257.1259041940849,
      "dram_energy_per_token_mj": 27.972101734461084,
      "total_energy_per_token_mj": 1182.465439327346,
      "gpu_power_formatted": "412.44W",
      "cpu_power_formatted": "183.88W",
      "dram_power_formatted": "20.00W",
      "total_power_formatted": "845.63W",
      "gpu_energy_formatted": "98547.37J",
      "cpu_energy_formatted": "43936.39J",
      "dram_energy_formatted": "4779.73J",
      "total_energy_formatted": "202053.78J",
      "gpu_energy_per_response_formatted": "207.468J/response",
      "cpu_energy_per_response_formatted": "92.498J/response",
      "dram_energy_per_response_formatted": "10.063J/response",
      "total_energy_per_response_formatted": "425.376J/response",
      "formatted_output": "\nPower and Energy Metrics:\n==================================================\n\nBasic Information:\n  Runtime: 238.94s\n  Generated tokens: 170875\n  Number of responses: 475\n\nAverage Power:\n  GPU Power: 412.44W\n  CPU Power: 183.88W\n  DRAM Power: 20.00W\n  Total Power: 845.63W\n\nTotal Energy Consumption:\n  GPU Energy: 98547.37J\n  CPU Energy: 43936.39J\n  DRAM Energy: 4779.73J\n  Total Energy: 202053.78J\n\nEnergy per Second:\n  GPU Energy/s: 412.44J/s\n  CPU Energy/s: 183.88J/s\n  DRAM Energy/s: 20.00J/s\n  Total Energy/s: 845.63J/s\n\nEnergy per Token:\n  GPU Energy/token: 576.722mJ/token\n  CPU Energy/token: 257.126mJ/token\n  DRAM Energy/token: 27.972mJ/token\n  Total Energy/token: 1182.465mJ/token\n\nEnergy per Response:\n  GPU Energy/response: 207.468J/response\n  CPU Energy/response: 92.498J/response\n  DRAM Energy/response: 10.063J/response\n  Total Energy/response: 425.376J/response\n=================================================="
    },
    {
      "duration": 132.0473186969757,
      "total_output_tokens": 168387,
      "responses": 259,
      "gpu_avg_power": 412.86254243902465,
      "cpu_avg_power": 184.04795542548953,