{
  "models--meta-llama--Llama-3.1-8B": [
    {
      "duration": 862.9269647598267,
      "total_output_tokens": 162734,
      "responses": 1702,
      "gpu_avg_power": 644.9494668340972,
      "cpu_avg_power": 183.33162783798787,
      "dram_avg_power": 20.29732930763111,
      "total_avg_power": 1137.9756468797564,
      "gpu_energy": 556544.285838616,
      "cpu_energy": 158201.80515471302,
      "dram_energy": 17515.112772164786,
      "total_energy": 981989.8709325484,
      "energy_per_token": 6.03432516212069,
      "gpu_energy_per_second": 644.9494668340972,
      "cpu_energy_per_second": 183.33162783798787,
      "dram_energy_per_second": 20.29732930763111,
      "total_energy_per_second": 1137.9756468797564,
      "gpu_energy_per_token": 3.4199631658941336,
      "cpu_energy_per_token": 0.9721496746513514,
      "dram_energy_per_token": 0.10763032170391428,
      "total_energy_per_token": 6.03432516212069,
      "gpu_energy_per_response": 326.99429250212455,
      "cpu_energy_per_response": 92.95053181828027,
      "dram_energy_per_response": 10.29090057118965,
      "total_energy_per_response": 576.9623213469732,
      "gpu0_power_watts": 322.8144779140196,
      "gpu1_power_watts": 322.13498892007755,
      "psys_power_watts": 0,
      "package-1_power_watts": 104.58574740525039,
      "package-1-dram_power_watts": 10.931582536102665,
      "package-0_power_watts": 78.74588043273748,
      "package-0-dram_power_watts": 9.365746771528444,
      "dram_domains": [
        "package-1-dram",
        "package-0-dram"
      ],
      "cpu_domain_power": {
        "psys": 0,
        "package-1": 104.58574740525039,
        "package-1-dram": 10.931582536102665,
        "package-0": 78.74588043273748,
        "package-0-dram": 9.365746771528444
      },
      "model": "models--meta-llama--Llama-3.1-8B",
      "batch_size": 1,
      "engine": "vllm",
      "gpu_energy_per_second_formatted": "644.95J/s",
      "cpu_energy_per_second_formatted": "183.33J/s",
      "dram_energy_per_second_formatted": "20.30J/s",
      "total_energy_per_second_formatted": "1137.98J/s",
      "gpu_energy_per_token_mj": 3419.9631658941335,
      "cpu_energy_per_token_mj": 972.1496746513513,
      "dram_energy_per_token_mj": 107.63032170391428,
      "total_energy_per_token_mj": 6034.32516212069,
      "gpu_power_formatted": "644.95W",
      "cpu_power_formatted": "183.33W",
      "dram_power_formatted": "20.30W",
      "total_power_formatted": "1137.98W",
      "gpu_energy_formatted": "556544.29J",
      "cpu_energy_formatted": "158201.81J",
      "dram_energy_formatted": "17515.11J",
      "total_energy_formatted": "981989.87J",
      "gpu_energy_per_response_formatted": "326.994J/response",
      "cpu_energy_per_response_formatted": "92.951J/response",
      "dram_energy_per_response_formatted": "10.291J/response",
      "total_energy_per_response_formatted": "576.962J/response",
      "formatted_output": "\nPower and Energy Metrics:\n==================================================\n\nBasic Information:\n  Runtime: 862.93s\n  Generated tokens: 162734\n  Number of responses: 1702\n\nAverage Power:\n  GPU Power: 644.95W\n  CPU Power: 183.33W\n  DRAM Power: 20.30W\n  Total Power: 1137.98W\n\nTotal Energy Consumption:\n  GPU Energy: 556544.29J\n  CPU Energy: 158201.81J\n  DRAM Energy: 17515.11J\n  Total Energy: 981989.87J\n\nEnergy per Second:\n  GPU Energy/s: 644.95J/s\n  CPU Energy/s: 183.33J/s\n  DRAM Energy/s: 20.30J/s\n  Total Energy/s: 1137.98J/s\n\nEnergy per Token:\n  GPU Energy/token: 3419.963mJ/token\n  CPU Energy/token: 972.150mJ/token\n  DRAM Energy/token: 107.630mJ/token\n  Total Energy/token: 6034.325mJ/token\n\nEnergy per Response:\n  GPU Energy/response: 326.994J/response\n  CPU Energy/response: 92.951J/response\n  DRAM Energy/response: 10.291J/response\n  Total Energy/response: 576.962J/response\n=================================================="
    },
    {
      "duration": 538.5650162696838,
      "total_output_tokens": 167141,
      "responses": 1067,
      "gpu_avg_power": 631.9962968675836,
      "cpu_avg_power": 183.38422532584428,
      "dram_avg_power": 20.326715333908624,
      "total_avg_power": 1125.760663507109,
      "gpu_energy": 340371.09590487013,
      "cpu_energy": 98764.3282962167,
      "dram_energy": 10947.25777451573,
      "total_energy": 606295.3100574763,
      "energy_per_token": 3.6274481429300787,
      "gpu_energy_per_second": 631.9962968675836,
      "cpu_energy_per_second": 183.38422532584428,
      "dram_energy_per_second": 20.326715333908624,
      "total_energy_per_second": 1125.760663507109,
      "gpu_energy_per_token": 2.036430893107437,
      "cpu_energy_per_token": 0.5909042562639729,
      "dram_energy_per_token": 0.065497141781584,
      "total_energy_per_token": 3.6274481429300787,
      "gpu_energy_per_response": 318.9982154684819,
      "cpu_energy_per_response": 92.56263195521716,
      "dram_energy_per_response": 10.259847961120647,
      "total_energy_per_response": 568.2242830904182,
      "gpu0_power_watts": 317.13782036070234,
      "gpu1_power_watts": 314.85847650688135,
      "psys_power_watts": 0,
      "package-1_power_watts": 104.6084613453382,
      "package-1-dram_power_watts": 10.932686042832326,
      "package-0_power_watts": 78.7757639805061,
      "package-0-dram_power_watts": 9.394029291076299,
      "dram_domains": [
        "package-1-dram",
        "package-0-dram"
      ],
      "cpu_domain_power": {
        "psys": 0,
        "package-1": 104.6084613453382,
        "package-1-dram": 10.932686042832326,
        "package-0": 78.7757639805061,
        "package-0-dram": 9.394029291076299
      },
      "model": "models--meta-llama--Llama-3.1-8B",
      "batch_size": 2,
      "engine": "vllm",
      "gpu_energy_per_second_formatted": "632.00J/s",
      "cpu_energy_per_second_formatted": "183.38J/s",
      "dram_energy_per_second_formatted": "20.33J/s",
      "total_energy_per_second_formatted": "1125.76J/s",
      "gpu_energy_per_token_mj": 2036.430893107437,
      "cpu_energy_per_token_mj": 590.9042562639729,
      "dram_energy_per_token_mj": 65.497141781584,
      "total_energy_per_token_mj": 3627.4481429300786,
      "gpu_power_formatted": "632.00W",
      "cpu_power_formatted": "183.38W",
      "dram_power_formatted": "20.33W",
      "total_power_formatted": "1125.76W",
      "gpu_energy_formatted": "340371.10J",
      "cpu_energy_formatted": "98764.33J",
      "dram_energy_formatted": "10947.26J",
      "total_energy_formatted": "606295.31J",
      "gpu_energy_per_response_formatted": "318.998J/response",
      "cpu_energy_per_response_formatted": "92.563J/response",
      "dram_energy_per_response_formatted": "10.260J/response",
      "total_energy_per_response_formatted": "568.224J/response",
      "formatted_output": "\nPower and Energy Metrics:\n==================================================\n\nBasic Information:\n  Runtime: 538.57s\n  Generated tokens: 167141\n  Number of responses: 1067\n\nAverage Power:\n  GPU Power: 632.00W\n  CPU Power: 183.38W\n  DRAM Power: 20.33W\n  Total Power: 1125.76W\n\nTotal Energy Consumption:\n  GPU Energy: 340371.10J\n  CPU Energy: 98764.33J\n  DRAM Energy: 10947.26J\n  Total Energy: 606295.31J\n\nEnergy per Second:\n  GPU Energy/s: 632.00J/s\n  CPU Energy/s: 183.38J/s\n  DRAM Energy/s: 20.33J/s\n  Total Energy/s: 1125.76J/s\n\nEnergy per Token:\n  GPU Energy/token: 2036.431mJ/token\n  CPU Energy/token: 590.904mJ/token\n  DRAM Energy/token: 65.497mJ/token\n  Total Energy/token: 3627.448mJ/token\n\nEnergy per Response:\n  GPU Energy/response: 318.998J/response\n  CPU Energy/response: 92.563J/response\n  DRAM Energy/response: 10.260J/response\n  Total Energy/response: 568.224J/response\n=================================================="
    },
    {
      "duration": 291.9240310192108,
      "total_output_tokens": 166822,
      "responses": 576,
      "gpu_avg_power": 630.6622463704352,
      "cpu_avg_power": 183.39529358737673,