{
  "models--meta-llama--Llama-3.1-8B": [
    {
      "duration": 7506.857514381409,
      "total_output_tokens": 172449,
      "responses": 14723,
      "gpu_avg_power": 243.44459098405719,
      "cpu_avg_power": 171.16912730694457,
      "dram_avg_power": 19.629336491433904,
      "total_avg_power": 660.6634121274409,
      "gpu_energy": 1827503.8571641783,
      "cpu_energy": 1284942.2495542448,
      "dram_energy": 147354.6321430418,
      "total_energy": 4959506.099805742,
      "energy_per_token": 28.75926273742232,
      "gpu_energy_per_second": 243.44459098405719,
      "cpu_energy_per_second": 171.16912730694457,
      "dram_energy_per_second": 19.629336491433904,
      "total_energy_per_second": 660.6634121274409,
      "gpu_energy_per_token": 10.597358390968799,
      "cpu_energy_per_token": 7.451143523907038,
      "dram_energy_per_token": 0.8544823811274161,
      "total_energy_per_token": 28.75926273742232,
      "gpu_energy_per_response": 124.12577987938452,
      "cpu_energy_per_response": 87.27448546860319,
      "dram_energy_per_response": 10.00846513231283,
      "total_energy_per_response": 336.8543163625444,
      "gpu0_power_watts": 118.37642789650914,
      "gpu1_power_watts": 125.06816308754804,
      "psys_power_watts": 0,
      "package-1_power_watts": 96.4937927862989,
      "package-1-dram_power_watts": 10.744626875877799,
      "package-0_power_watts": 74.67533452064569,
      "package-0-dram_power_watts": 8.884709615556105,
      "dram_domains": [
        "package-1-dram",
        "package-0-dram"
      ],
      "cpu_domain_power": {
        "psys": 0,
        "package-1": 96.4937927862989,
        "package-1-dram": 10.744626875877799,
        "package-0": 74.67533452064569,
        "package-0-dram": 8.884709615556105
      },
      "model": "models--meta-llama--Llama-3.1-8B",
      "batch_size": 1,
      "engine": "transformers",
      "gpu_energy_per_second_formatted": "243.44J/s",
      "cpu_energy_per_second_formatted": "171.17J/s",
      "dram_energy_per_second_formatted": "19.63J/s",
      "total_energy_per_second_formatted": "660.66J/s",
      "gpu_energy_per_token_mj": 10597.358390968799,
      "cpu_energy_per_token_mj": 7451.143523907038,
      "dram_energy_per_token_mj": 854.4823811274161,
      "total_energy_per_token_mj": 28759.26273742232,
      "gpu_power_formatted": "243.44W",
      "cpu_power_formatted": "171.17W",
      "dram_power_formatted": "19.63W",
      "total_power_formatted": "660.66W",
      "gpu_energy_formatted": "1827503.86J",
      "cpu_energy_formatted": "1284942.25J",
      "dram_energy_formatted": "147354.63J",
      "total_energy_formatted": "4959506.10J",
      "gpu_energy_per_response_formatted": "124.126J/response",
      "cpu_energy_per_response_formatted": "87.274J/response",
      "dram_energy_per_response_formatted": "10.008J/response",
      "total_energy_per_response_formatted": "336.854J/response",
      "formatted_output": "\nPower and Energy Metrics:\n==================================================\n\nBasic Information:\n  Runtime: 7506.86s\n  Generated tokens: 172449\n  Number of responses: 14723\n\nAverage Power:\n  GPU Power: 243.44W\n  CPU Power: 171.17W\n  DRAM Power: 19.63W\n  Total Power: 660.66W\n\nTotal Energy Consumption:\n  GPU Energy: 1827503.86J\n  CPU Energy: 1284942.25J\n  DRAM Energy: 147354.63J\n  Total Energy: 4959506.10J\n\nEnergy per Second:\n  GPU Energy/s: 243.44J/s\n  CPU Energy/s: 171.17J/s\n  DRAM Energy/s: 19.63J/s\n  Total Energy/s: 660.66J/s\n\nEnergy per Token:\n  GPU Energy/token: 10597.358mJ/token\n  CPU Energy/token: 7451.144mJ/token\n  DRAM Energy/token: 854.482mJ/token\n  Total Energy/token: 28759.263mJ/token\n\nEnergy per Response:\n  GPU Energy/response: 124.126J/response\n  CPU Energy/response: 87.274J/response\n  DRAM Energy/response: 10.008J/response\n  Total Energy/response: 336.854J/response\n=================================================="
    },
    {
      "duration": 2185.011843919754,
      "total_output_tokens": 168765,
      "responses": 4295,
      "gpu_avg_power": 258.15887867494746,
      "cpu_avg_power": 170.9846297326111,
      "dram_avg_power": 19.653283777866214,
      "total_avg_power": 673.4633431085044,
      "gpu_energy": 564080.2075178031,
      "cpu_energy": 373603.44109398895,
      "dram_energy": 42942.657826553645,
      "total_energy": 1471525.3811378751,
      "energy_per_token": 8.719375351156195,
      "gpu_energy_per_second": 258.15887867494746,
      "cpu_energy_per_second": 170.9846297326111,
      "dram_energy_per_second": 19.653283777866214,
      "total_energy_per_second": 673.4633431085044,
      "gpu_energy_per_token": 3.342400423771535,
      "cpu_energy_per_token": 2.2137495398571323,
      "dram_energy_per_token": 0.2544523913521977,
      "total_energy_per_token": 8.719375351156195,
      "gpu_energy_per_response": 131.33415774570503,
      "cpu_energy_per_response": 86.985667309427,
      "dram_energy_per_response": 9.998290530047415,
      "total_energy_per_response": 342.61359281440633,
      "gpu0_power_watts": 124.93854173321493,
      "gpu1_power_watts": 133.22033694173254,
      "psys_power_watts": 0,
      "package-1_power_watts": 96.41403306220833,
      "package-1-dram_power_watts": 10.757915275534058,
      "package-0_power_watts": 74.57059667040278,
      "package-0-dram_power_watts": 8.895368502332156,
      "dram_domains": [
        "package-1-dram",
        "package-0-dram"
      ],
      "cpu_domain_power": {
        "psys": 0,
        "package-1": 96.41403306220833,
        "package-1-dram": 10.757915275534058,
        "package-0": 74.57059667040278,
        "package-0-dram": 8.895368502332156
      },
      "model": "models--meta-llama--Llama-3.1-8B",
      "batch_size": 4,
      "engine": "transformers",
      "gpu_energy_per_second_formatted": "258.16J/s",
      "cpu_energy_per_second_formatted": "170.98J/s",
      "dram_energy_per_second_formatted": "19.65J/s",
      "total_energy_per_second_formatted": "673.46J/s",
      "gpu_energy_per_token_mj": 3342.400423771535,
      "cpu_energy_per_token_mj": 2213.7495398571323,
      "dram_energy_per_token_mj": 254.4523913521977,
      "total_energy_per_token_mj": 8719.375351156195,
      "gpu_power_formatted": "258.16W",
      "cpu_power_formatted": "170.98W",
      "dram_power_formatted": "19.65W",
      "total_power_formatted": "673.46W",
      "gpu_energy_formatted": "564080.21J",
      "cpu_energy_formatted": "373603.44J",
      "dram_energy_formatted": "42942.66J",
      "total_energy_formatted": "1471525.38J",
      "gpu_energy_per_response_formatted": "131.334J/response",
      "cpu_energy_per_response_formatted": "86.986J/response",
      "dram_energy_per_response_formatted": "9.998J/response",
      "total_energy_per_response_formatted": "342.614J/response",
      "formatted_output": "\nPower and Energy Metrics:\n==================================================\n\nBasic Information:\n  Runtime: 2185.01s\n  Generated tokens: 168765\n  Number of responses: 4295\n\nAverage Power:\n  GPU Power: 258.16W\n  CPU Power: 170.98W\n  DRAM Power: 19.65W\n  Total Power: 673.46W\n\nTotal Energy Consumption:\n  GPU Energy: 564080.21J\n  CPU Energy: 373603.44J\n  DRAM Energy: 42942.66J\n  Total Energy: 1471525.38J\n\nEnergy per Second:\n  GPU Energy/s: 258.16J/s\n  CPU Energy/s: 170.98J/s\n  DRAM Energy/s: 19.65J/s\n  Total Energy/s: 673.46J/s\n\nEnergy per Token:\n  GPU Energy/token: 3342.400mJ/token\n  CPU Energy/token: 2213.750mJ/token\n  DRAM Energy/token: 254.452mJ/token\n  Total Energy/token: 8719.375mJ/token\n\nEnergy per Response:\n  GPU Energy/response: 131.334J/response\n  CPU Energy/response: 86.986J/response\n  DRAM Energy/response: 9.998J/response\n  Total Energy/response: 342.614J/response\n=================================================="
    }
  ]
}