{
  "models--meta-llama--Llama-3.2-1B": [
    {
      "duration": 5476.944249391556,
      "total_output_tokens": 176172,
      "responses": 10761,
      "gpu_avg_power": 204.66509317338827,
      "cpu_avg_power": 170.81407708041576,
      "dram_avg_power": 19.523434159238434,
      "total_avg_power": 617.2114164904863,
      "gpu_energy": 1120939.3051071758,
      "cpu_energy": 935539.1771807091,
      "dram_energy": 106928.7604468156,
      "total_energy": 3380432.5182063854,
      "energy_per_token": 19.188250790173157,
      "gpu_energy_per_second": 204.66509317338827,
      "cpu_energy_per_second": 170.81407708041576,
      "dram_energy_per_second": 19.523434159238434,
      "total_energy_per_second": 617.2114164904863,
      "gpu_energy_per_token": 6.362755177367435,
      "cpu_energy_per_token": 5.310373823199538,
      "dram_energy_per_token": 0.6069566131213564,
      "total_energy_per_token": 19.188250790173157,
      "gpu_energy_per_response": 104.1668344119669,
      "cpu_energy_per_response": 86.93794044983822,
      "dram_energy_per_response": 9.936693657356715,
      "total_energy_per_response": 314.1373959860966,
      "gpu0_power_watts": 102.70899002300592,
      "gpu1_power_watts": 101.95610315038235,
      "psys_power_watts": 0,
      "package-1_power_watts": 96.24628104448072,
      "package-1-dram_power_watts": 10.739114590018442,
      "package-0_power_watts": 74.56779603593502,
      "package-0-dram_power_watts": 8.784319569219994,
      "dram_domains": [
        "package-1-dram",
        "package-0-dram"
      ],
      "cpu_domain_power": {
        "psys": 0,
        "package-1": 96.24628104448072,
        "package-1-dram": 10.739114590018442,
        "package-0": 74.56779603593502,
        "package-0-dram": 8.784319569219994
      },
      "model": "models--meta-llama--Llama-3.2-1B",
      "batch_size": 1,
      "engine": "transformers",
      "gpu_energy_per_second_formatted": "204.67J/s",
      "cpu_energy_per_second_formatted": "170.81J/s",
      "dram_energy_per_second_formatted": "19.52J/s",
      "total_energy_per_second_formatted": "617.21J/s",
      "gpu_energy_per_token_mj": 6362.755177367435,
      "cpu_energy_per_token_mj": 5310.3738231995385,
      "dram_energy_per_token_mj": 606.9566131213564,
      "total_energy_per_token_mj": 19188.25079017316,
      "gpu_power_formatted": "204.67W",
      "cpu_power_formatted": "170.81W",
      "dram_power_formatted": "19.52W",
      "total_power_formatted": "617.21W",
      "gpu_energy_formatted": "1120939.31J",
      "cpu_energy_formatted": "935539.18J",
      "dram_energy_formatted": "106928.76J",
      "total_energy_formatted": "3380432.52J",
      "gpu_energy_per_response_formatted": "104.167J/response",
      "cpu_energy_per_response_formatted": "86.938J/response",
      "dram_energy_per_response_formatted": "9.937J/response",
      "total_energy_per_response_formatted": "314.137J/response",
      "formatted_output": "\nPower and Energy Metrics:\n==================================================\n\nBasic Information:\n  Runtime: 5476.94s\n  Generated tokens: 176172\n  Number of responses: 10761\n\nAverage Power:\n  GPU Power: 204.67W\n  CPU Power: 170.81W\n  DRAM Power: 19.52W\n  Total Power: 617.21W\n\nTotal Energy Consumption:\n  GPU Energy: 1120939.31J\n  CPU Energy: 935539.18J\n  DRAM Energy: 106928.76J\n  Total Energy: 3380432.52J\n\nEnergy per Second:\n  GPU Energy/s: 204.67J/s\n  CPU Energy/s: 170.81J/s\n  DRAM Energy/s: 19.52J/s\n  Total Energy/s: 617.21J/s\n\nEnergy per Token:\n  GPU Energy/token: 6362.755mJ/token\n  CPU Energy/token: 5310.374mJ/token\n  DRAM Energy/token: 606.957mJ/token\n  Total Energy/token: 19188.251mJ/token\n\nEnergy per Response:\n  GPU Energy/response: 104.167J/response\n  CPU Energy/response: 86.938J/response\n  DRAM Energy/response: 9.937J/response\n  Total Energy/response: 314.137J/response\n=================================================="
    },
    {
      "duration": 3054.066378593445,
      "total_output_tokens": 175569,
      "responses": 6009,
      "gpu_avg_power": 208.42739793814363,
      "cpu_avg_power": 170.87704543810258,
      "dram_avg_power": 19.515543767376926,
      "total_avg_power": 621.768615902398,
      "gpu_energy": 636551.1084206011,
      "cpu_energy": 521869.8393458935,
      "dram_energy": 59601.76607991472,
      "total_energy": 1898922.6250920952,
      "energy_per_token": 10.815819564342767,
      "gpu_energy_per_second": 208.42739793814363,
      "cpu_energy_per_second": 170.87704543810258,
      "dram_energy_per_second": 19.515543767376926,
      "total_energy_per_second": 621.768615902398,
      "gpu_energy_per_token": 3.625646375046854,
      "cpu_energy_per_token": 2.972448663180251,
      "dram_energy_per_token": 0.33947773285668154,
      "total_energy_per_token": 10.815819564342767,
      "gpu_energy_per_response": 105.93295197547032,
      "cpu_energy_per_response": 86.84803450589008,
      "dram_energy_per_response": 9.918749555652308,
      "total_energy_per_response": 316.01308455518307,
      "gpu0_power_watts": 104.64360424994736,
      "gpu1_power_watts": 103.78379368819627,
      "psys_power_watts": 0,
      "package-1_power_watts": 96.31236290526516,
      "package-1-dram_power_watts": 10.74075756469626,
      "package-0_power_watts": 74.56468253283744,
      "package-0-dram_power_watts": 8.774786202680666,
      "dram_domains": [
        "package-1-dram",
        "package-0-dram"
      ],
      "cpu_domain_power": {
        "psys": 0,
        "package-1": 96.31236290526516,
        "package-1-dram": 10.74075756469626,
        "package-0": 74.56468253283744,
        "package-0-dram": 8.774786202680666
      },
      "model": "models--meta-llama--Llama-3.2-1B",
      "batch_size": 2,
      "engine": "transformers",
      "gpu_energy_per_second_formatted": "208.43J/s",
      "cpu_energy_per_second_formatted": "170.88J/s",
      "dram_energy_per_second_formatted": "19.52J/s",
      "total_energy_per_second_formatted": "621.77J/s",
      "gpu_energy_per_token_mj": 3625.6463750468542,
      "cpu_energy_per_token_mj": 2972.448663180251,
      "dram_energy_per_token_mj": 339.47773285668154,
      "total_energy_per_token_mj": 10815.819564342768,
      "gpu_power_formatted": "208.43W",
      "cpu_power_formatted": "170.88W",
      "dram_power_formatted": "19.52W",
      "total_power_formatted": "621.77W",
      "gpu_energy_formatted": "636551.11J",
      "cpu_energy_formatted": "521869.84J",
      "dram_energy_formatted": "59601.77J",
      "total_energy_formatted": "1898922.63J",
      "gpu_energy_per_response_formatted": "105.933J/response",
      "cpu_energy_per_response_formatted": "86.848J/response",
      "dram_energy_per_response_formatted": "9.919J/response",
      "total_energy_per_response_formatted": "316.013J/response",
      "formatted_output": "\nPower and Energy Metrics:\n==================================================\n\nBasic Information:\n  Runtime: 3054.07s\n  Generated tokens: 175569\n  Number of responses: 6009\n\nAverage Power:\n  GPU Power: 208.43W\n  CPU Power: 170.88W\n  DRAM Power: 19.52W\n  Total Power: 621.77W\n\nTotal Energy Consumption:\n  GPU Energy: 636551.11J\n  CPU Energy: 521869.84J\n  DRAM Energy: 59601.77J\n  Total Energy: 1898922.63J\n\nEnergy per Second:\n  GPU Energy/s: 208.43J/s\n  CPU Energy/s: 170.88J/s\n  DRAM Energy/s: 19.52J/s\n  Total Energy/s: 621.77J/s\n\nEnergy per Token:\n  GPU Energy/token: 3625.646mJ/token\n  CPU Energy/token: 2972.449mJ/token\n  DRAM Energy/token: 339.478mJ/token\n  Total Energy/token: 10815.820mJ/token\n\nEnergy per Response:\n  GPU Energy/response: 105.933J/response\n  CPU Energy/response: 86.848J/response\n  DRAM Energy/response: 9.919J/response\n  Total Energy/response: 316.013J/response\n=================================================="
    },
    {
      "duration": 1582.986076116562,
      "total_output_tokens": 173366,
      "responses": 3109,
      "gpu_avg_power": 211.10919181751734,