{
  "models--meta-llama--Llama-3.2-3B": [
    {
      "duration": 676.0115497112274,
      "total_output_tokens": 171206,
      "responses": 1345,
      "gpu_avg_power": 517.7130356267681,
      "cpu_avg_power": 183.8102425188206,
      "dram_avg_power": 19.98778001956719,
      "total_avg_power": 964.2652671755725,
      "gpu_energy": 349979.99151975545,
      "cpu_energy": 124257.84689794444,
      "dram_energy": 13511.970146314723,
      "total_energy": 651854.4575960696,
      "energy_per_token": 3.8074276462043946,
      "gpu_energy_per_second": 517.7130356267681,
      "cpu_energy_per_second": 183.8102425188206,
      "dram_energy_per_second": 19.98778001956719,
      "total_energy_per_second": 964.2652671755726,
      "gpu_energy_per_token": 2.044204008736583,
      "cpu_energy_per_token": 0.7257797442726566,
      "dram_energy_per_token": 0.07892229329763398,
      "total_energy_per_token": 3.8074276462043946,
      "gpu_energy_per_response": 260.20817213364717,
      "cpu_energy_per_response": 92.3850162809996,
      "dram_energy_per_response": 10.04607445822656,
      "total_energy_per_response": 484.65015434652014,
      "gpu0_power_watts": 259.9773144203584,
      "gpu1_power_watts": 257.7357212064097,
      "psys_power_watts": 0,
      "package-1_power_watts": 104.83457344178116,
      "package-1-dram_power_watts": 10.89902807345965,
      "package-0_power_watts": 78.97566907703943,
      "package-0-dram_power_watts": 9.088751946107541,
      "dram_domains": [
        "package-1-dram",
        "package-0-dram"
      ],
      "cpu_domain_power": {
        "psys": 0,
        "package-1": 104.83457344178116,
        "package-1-dram": 10.89902807345965,
        "package-0": 78.97566907703943,
        "package-0-dram": 9.088751946107541
      },
      "model": "models--meta-llama--Llama-3.2-3B",
      "batch_size": 1,
      "engine": "vllm",
      "gpu_energy_per_second_formatted": "517.71J/s",
      "cpu_energy_per_second_formatted": "183.81J/s",
      "dram_energy_per_second_formatted": "19.99J/s",
      "total_energy_per_second_formatted": "964.27J/s",
      "gpu_energy_per_token_mj": 2044.204008736583,
      "cpu_energy_per_token_mj": 725.7797442726566,
      "dram_energy_per_token_mj": 78.92229329763397,
      "total_energy_per_token_mj": 3807.4276462043945,
      "gpu_power_formatted": "517.71W",
      "cpu_power_formatted": "183.81W",
      "dram_power_formatted": "19.99W",
      "total_power_formatted": "964.27W",
      "gpu_energy_formatted": "349979.99J",
      "cpu_energy_formatted": "124257.85J",
      "dram_energy_formatted": "13511.97J",
      "total_energy_formatted": "651854.46J",
      "gpu_energy_per_response_formatted": "260.208J/response",
      "cpu_energy_per_response_formatted": "92.385J/response",
      "dram_energy_per_response_formatted": "10.046J/response",
      "total_energy_per_response_formatted": "484.650J/response",
      "formatted_output": "\nPower and Energy Metrics:\n==================================================\n\nBasic Information:\n  Runtime: 676.01s\n  Generated tokens: 171206\n  Number of responses: 1345\n\nAverage Power:\n  GPU Power: 517.71W\n  CPU Power: 183.81W\n  DRAM Power: 19.99W\n  Total Power: 964.27W\n\nTotal Energy Consumption:\n  GPU Energy: 349979.99J\n  CPU Energy: 124257.85J\n  DRAM Energy: 13511.97J\n  Total Energy: 651854.46J\n\nEnergy per Second:\n  GPU Energy/s: 517.71J/s\n  CPU Energy/s: 183.81J/s\n  DRAM Energy/s: 19.99J/s\n  Total Energy/s: 964.27J/s\n\nEnergy per Token:\n  GPU Energy/token: 2044.204mJ/token\n  CPU Energy/token: 725.780mJ/token\n  DRAM Energy/token: 78.922mJ/token\n  Total Energy/token: 3807.428mJ/token\n\nEnergy per Response:\n  GPU Energy/response: 260.208J/response\n  CPU Energy/response: 92.385J/response\n  DRAM Energy/response: 10.046J/response\n  Total Energy/response: 484.650J/response\n=================================================="
    },
    {
      "duration": 398.1803631782532,
      "total_output_tokens": 169069,
      "responses": 778,
      "gpu_avg_power": 508.70062608416345,
      "cpu_avg_power": 184.25304559694388,
      "dram_avg_power": 20.056147400837016,
      "total_avg_power": 954.8685897435897,
      "gpu_energy": 202554.60004319696,
      "cpu_energy": 73365.94461249035,
      "dram_energy": 7985.964056021861,
      "total_energy": 380209.921851609,
      "energy_per_token": 2.24884468383683,
      "gpu_energy_per_second": 508.7006260841634,
      "cpu_energy_per_second": 184.25304559694385,
      "dram_energy_per_second": 20.056147400837016,
      "total_energy_per_second": 954.8685897435898,
      "gpu_energy_per_token": 1.198058780989992,
      "cpu_energy_per_token": 0.4339408443445596,
      "dram_energy_per_token": 0.04723493991223619,
      "total_energy_per_token": 2.24884468383683,
      "gpu_energy_per_response": 260.3529563537236,
      "cpu_energy_per_response": 94.30070001605444,
      "dram_energy_per_response": 10.264735290516532,
      "total_energy_per_response": 488.7016990380579,
      "gpu0_power_watts": 256.6909171217478,
      "gpu1_power_watts": 252.00970896241566,
      "psys_power_watts": 0,
      "package-1_power_watts": 105.32804602582122,
      "package-1-dram_power_watts": 10.96025146852664,
      "package-0_power_watts": 78.92499957112265,
      "package-0-dram_power_watts": 9.095895932310377,
      "dram_domains": [
        "package-1-dram",
        "package-0-dram"
      ],
      "cpu_domain_power": {
        "psys": 0,
        "package-1": 105.32804602582122,
        "package-1-dram": 10.96025146852664,
        "package-0": 78.92499957112265,
        "package-0-dram": 9.095895932310377
      },
      "model": "models--meta-llama--Llama-3.2-3B",
      "batch_size": 2,
      "engine": "vllm",
      "gpu_energy_per_second_formatted": "508.70J/s",
      "cpu_energy_per_second_formatted": "184.25J/s",
      "dram_energy_per_second_formatted": "20.06J/s",
      "total_energy_per_second_formatted": "954.87J/s",
      "gpu_energy_per_token_mj": 1198.058780989992,
      "cpu_energy_per_token_mj": 433.9408443445596,
      "dram_energy_per_token_mj": 47.23493991223619,
      "total_energy_per_token_mj": 2248.84468383683,
      "gpu_power_formatted": "508.70W",
      "cpu_power_formatted": "184.25W",
      "dram_power_formatted": "20.06W",
      "total_power_formatted": "954.87W",
      "gpu_energy_formatted": "202554.60J",
      "cpu_energy_formatted": "73365.94J",
      "dram_energy_formatted": "7985.96J",
      "total_energy_formatted": "380209.92J",
      "gpu_energy_per_response_formatted": "260.353J/response",
      "cpu_energy_per_response_formatted": "94.301J/response",
      "dram_energy_per_response_formatted": "10.265J/response",
      "total_energy_per_response_formatted": "488.702J/response",
      "formatted_output": "\nPower and Energy Metrics:\n==================================================\n\nBasic Information:\n  Runtime: 398.18s\n  Generated tokens: 169069\n  Number of responses: 778\n\nAverage Power:\n  GPU Power: 508.70W\n  CPU Power: 184.25W\n  DRAM Power: 20.06W\n  Total Power: 954.87W\n\nTotal Energy Consumption:\n  GPU Energy: 202554.60J\n  CPU Energy: 73365.94J\n  DRAM Energy: 7985.96J\n  Total Energy: 380209.92J\n\nEnergy per Second:\n  GPU Energy/s: 508.70J/s\n  CPU Energy/s: 184.25J/s\n  DRAM Energy/s: 20.06J/s\n  Total Energy/s: 954.87J/s\n\nEnergy per Token:\n  GPU Energy/token: 1198.059mJ/token\n  CPU Energy/token: 433.941mJ/token\n  DRAM Energy/token: 47.235mJ/token\n  Total Energy/token: 2248.845mJ/token\n\nEnergy per Response:\n  GPU Energy/response: 260.353J/response\n  CPU Energy/response: 94.301J/response\n  DRAM Energy/response: 10.265J/response\n  Total Energy/response: 488.702J/response\n=================================================="
    },
    {
      "duration": 214.54074954986572,
      "total_output_tokens": 167771,
      "responses": 419,
      "gpu_avg_power": 508.0741546762582,
      "cpu_avg_power": 184.2210959442388,