{
  "models--meta-llama--Llama-3.1-8B": [
    {
      "duration": 895.7551982402802,
      "total_output_tokens": 40017,
      "responses": 1756,
      "gpu_avg_power": 322.55071088968083,
      "cpu_avg_power": 170.9927528270703,
      "dram_avg_power": 19.872758467368158,
      "total_avg_power": 738.3285917496444,
      "gpu_energy": 288926.47597552935,
      "cpu_energy": 153167.64720626356,
      "dram_energy": 17801.12670051857,
      "total_energy": 661361.6740691696,
      "energy_per_token": 16.527017869134855,
      "gpu_energy_per_second": 322.55071088968083,
      "cpu_energy_per_second": 170.99275282707026,
      "dram_energy_per_second": 19.872758467368158,
      "total_energy_per_second": 738.3285917496444,
      "gpu_energy_per_token": 7.220093359710357,
      "cpu_energy_per_token": 3.827564465258854,
      "dram_energy_per_token": 0.4448391108908356,
      "total_energy_per_token": 16.527017869134855,
      "gpu_energy_per_response": 164.53671752592788,
      "cpu_energy_per_response": 87.22531162087903,
      "dram_energy_per_response": 10.137315888678001,
      "total_energy_per_response": 376.6296549368847,
      "gpu0_power_watts": 153.05723530249136,
      "gpu1_power_watts": 169.49347558718947,
      "psys_power_watts": 0,
      "package-1_power_watts": 96.38508483795863,
      "package-1-dram_power_watts": 10.846708616077008,
      "package-0_power_watts": 74.60766798911166,
      "package-0-dram_power_watts": 9.026049851291152,
      "dram_domains": [
        "package-1-dram",
        "package-0-dram"
      ],
      "cpu_domain_power": {
        "psys": 0,
        "package-1": 96.38508483795863,
        "package-1-dram": 10.846708616077008,
        "package-0": 74.60766798911166,
        "package-0-dram": 9.026049851291152
      },
      "model": "models--meta-llama--Llama-3.1-8B",
      "batch_size": 1,
      "engine": "deepspeed",
      "gpu_energy_per_second_formatted": "322.55J/s",
      "cpu_energy_per_second_formatted": "170.99J/s",
      "dram_energy_per_second_formatted": "19.87J/s",
      "total_energy_per_second_formatted": "738.33J/s",
      "gpu_energy_per_token_mj": 7220.093359710357,
      "cpu_energy_per_token_mj": 3827.564465258854,
      "dram_energy_per_token_mj": 444.8391108908356,
      "total_energy_per_token_mj": 16527.017869134856,
      "gpu_power_formatted": "322.55W",
      "cpu_power_formatted": "170.99W",
      "dram_power_formatted": "19.87W",
      "total_power_formatted": "738.33W",
      "gpu_energy_formatted": "288926.48J",
      "cpu_energy_formatted": "153167.65J",
      "dram_energy_formatted": "17801.13J",
      "total_energy_formatted": "661361.67J",
      "gpu_energy_per_response_formatted": "164.537J/response",
      "cpu_energy_per_response_formatted": "87.225J/response",
      "dram_energy_per_response_formatted": "10.137J/response",
      "total_energy_per_response_formatted": "376.630J/response",
      "formatted_output": "\nPower and Energy Metrics:\n==================================================\n\nBasic Information:\n  Runtime: 895.76s\n  Generated tokens: 40017\n  Number of responses: 1756\n\nAverage Power:\n  GPU Power: 322.55W\n  CPU Power: 170.99W\n  DRAM Power: 19.87W\n  Total Power: 738.33W\n\nTotal Energy Consumption:\n  GPU Energy: 288926.48J\n  CPU Energy: 153167.65J\n  DRAM Energy: 17801.13J\n  Total Energy: 661361.67J\n\nEnergy per Second:\n  GPU Energy/s: 322.55J/s\n  CPU Energy/s: 170.99J/s\n  DRAM Energy/s: 19.87J/s\n  Total Energy/s: 738.33J/s\n\nEnergy per Token:\n  GPU Energy/token: 7220.093mJ/token\n  CPU Energy/token: 3827.564mJ/token\n  DRAM Energy/token: 444.839mJ/token\n  Total Energy/token: 16527.018mJ/token\n\nEnergy per Response:\n  GPU Energy/response: 164.537J/response\n  CPU Energy/response: 87.225J/response\n  DRAM Energy/response: 10.137J/response\n  Total Energy/response: 376.630J/response\n=================================================="
    },
    {
      "duration": 580.788843870163,
      "total_output_tokens": 48516,
      "responses": 1144,
      "gpu_avg_power": 319.62561027322374,
      "cpu_avg_power": 171.01813099806387,
      "dram_avg_power": 19.83645429447587,
      "total_avg_power": 736.3733624454148,
      "gpu_energy": 185634.9886618809,
      "cpu_energy": 99325.4225832016,
      "dram_energy": 11520.79135617197,
      "total_energy": 427677.433831457,
      "energy_per_token": 8.81518331749231,
      "gpu_energy_per_second": 319.62561027322374,
      "cpu_energy_per_second": 171.01813099806387,
      "dram_energy_per_second": 19.83645429447587,
      "total_energy_per_second": 736.3733624454148,
      "gpu_energy_per_token": 3.8262632670022447,
      "cpu_energy_per_token": 2.0472714688597904,
      "dram_energy_per_token": 0.23746375126086178,
      "total_energy_per_token": 8.81518331749231,
      "gpu_energy_per_response": 162.26834673241336,
      "cpu_energy_per_response": 86.82292183846293,
      "dram_energy_per_response": 10.070621814835638,
      "total_energy_per_response": 373.84391069183306,
      "gpu0_power_watts": 152.14123300546407,
      "gpu1_power_watts": 167.48437726775964,
      "psys_power_watts": 0,
      "package-1_power_watts": 96.44250208215914,
      "package-1-dram_power_watts": 10.821147516215238,
      "package-0_power_watts": 74.57562891590473,
      "package-0-dram_power_watts": 9.015306778260632,
      "dram_domains": [
        "package-1-dram",
        "package-0-dram"
      ],
      "cpu_domain_power": {
        "psys": 0,
        "package-1": 96.44250208215914,
        "package-1-dram": 10.821147516215238,
        "package-0": 74.57562891590473,
        "package-0-dram": 9.015306778260632
      },
      "model": "models--meta-llama--Llama-3.1-8B",
      "batch_size": 2,
      "engine": "deepspeed",
      "gpu_energy_per_second_formatted": "319.63J/s",
      "cpu_energy_per_second_formatted": "171.02J/s",
      "dram_energy_per_second_formatted": "19.84J/s",
      "total_energy_per_second_formatted": "736.37J/s",
      "gpu_energy_per_token_mj": 3826.263267002245,
      "cpu_energy_per_token_mj": 2047.2714688597903,
      "dram_energy_per_token_mj": 237.46375126086178,
      "total_energy_per_token_mj": 8815.18331749231,
      "gpu_power_formatted": "319.63W",
      "cpu_power_formatted": "171.02W",
      "dram_power_formatted": "19.84W",
      "total_power_formatted": "736.37W",
      "gpu_energy_formatted": "185634.99J",
      "cpu_energy_formatted": "99325.42J",
      "dram_energy_formatted": "11520.79J",
      "total_energy_formatted": "427677.43J",
      "gpu_energy_per_response_formatted": "162.268J/response",
      "cpu_energy_per_response_formatted": "86.823J/response",
      "dram_energy_per_response_formatted": "10.071J/response",
      "total_energy_per_response_formatted": "373.844J/response",
      "formatted_output": "\nPower and Energy Metrics:\n==================================================\n\nBasic Information:\n  Runtime: 580.79s\n  Generated tokens: 48516\n  Number of responses: 1144\n\nAverage Power:\n  GPU Power: 319.63W\n  CPU Power: 171.02W\n  DRAM Power: 19.84W\n  Total Power: 736.37W\n\nTotal Energy Consumption:\n  GPU Energy: 185634.99J\n  CPU Energy: 99325.42J\n  DRAM Energy: 11520.79J\n  Total Energy: 427677.43J\n\nEnergy per Second:\n  GPU Energy/s: 319.63J/s\n  CPU Energy/s: 171.02J/s\n  DRAM Energy/s: 19.84J/s\n  Total Energy/s: 736.37J/s\n\nEnergy per Token:\n  GPU Energy/token: 3826.263mJ/token\n  CPU Energy/token: 2047.271mJ/token\n  DRAM Energy/token: 237.464mJ/token\n  Total Energy/token: 8815.183mJ/token\n\nEnergy per Response:\n  GPU Energy/response: 162.268J/response\n  CPU Energy/response: 86.823J/response\n  DRAM Energy/response: 10.071J/response\n  Total Energy/response: 373.844J/response\n=================================================="
    },
    {
      "duration": 307.52036476135254,
      "total_output_tokens": 51200,
      "responses": 609,
      "gpu_avg_power": 324.11791588018093,
      "cpu_avg_power": 171.0455276893191,